0002D1,Vivotek  Inc.,camera
0003C5,Mobotix AG,camera
000CBF,Holy Stone Ent. Co.  Ltd.,drone
00121C,PARROT SA,drone
001F54,Lorex Technology Inc.,camera
00267E,PARROT SA,drone
00408C,AXIS COMMUNICATIONS AB,camera
040312,Hangzhou Hikvision Digital Technology Co. Ltd.,camera
085411,Hangzhou Hikvision Digital Technology Co. Ltd.,camera
08A189,Hangzhou Hikvision Digital Technology Co. Ltd.,camera
08EDED,Zhejiang Dahua Technology Co.  Ltd.,camera
1012FB,Hangzhou Hikvision Digital Technology Co. Ltd.,camera
14A78B,Zhejiang Dahua Technology Co.  Ltd.,camera
1868CB,Hangzhou Hikvision Digital Technology Co. Ltd.,camera
1874E2B,Shenzhen Jooan Technology,camera
18D7936,Autel lntelligent Technology,drone
240F9B,Hangzhou Hikvision Digital Technology Co. Ltd.,camera
2428FD,Hangzhou Hikvision Digital Technology Co. Ltd.,camera
2432AE,Hangzhou Hikvision Digital Technology Co. Ltd.,camera
24526A,Zhejiang Dahua Technology Co.  Ltd.,camera
24B105,Prama Hikvision India Private Limited,camera
2857BE,Hangzhou Hikvision Digital Technology Co. Ltd.,camera
2CA59C,Hangzhou Hikvision Digital Technology Co. Ltd.,camera
2CAA8E,Wyze Labs Inc,camera
34D262,SZ DJI TECHNOLOGY CO. LTD,drone
381D14,Skydio Inc.,drone
38AF29,Zhejiang Dahua Technology Co.  Ltd.,camera
3C1BF8,Hangzhou Hikvision Digital Technology Co. Ltd.,camera
3CDA6D,Tiandy Technologies CO. LTD,camera
3CE36B,Zhejiang Dahua Technology Co.  Ltd.,camera
3CEF8C,Zhejiang Dahua Technology Co.  Ltd.,camera
402C761,Shanghai Dahua Scale Factory,camera
40ACBF,Hangzhou Hikvision Digital Technology Co. Ltd.,camera
4419B6,Hangzhou Hikvision Digital Technology Co. Ltd.,camera
4447CC,Hangzhou Hikvision Digital Technology Co. Ltd.,camera
44A642,Hangzhou Hikvision Digital Technology Co. Ltd.,camera
481CB9,SZ DJI TECHNOLOGY CO. LTD,drone
48EA63,Zhejiang Uniview Technologies Co.  Ltd.,camera
4C11BF,Zhejiang Dahua Technology Co.  Ltd.,camera
4CBD8F,Hangzhou Hikvision Digital Technology Co. Ltd.,camera
4CF5DC,Hangzhou Hikvision Digital Technology Co. Ltd.,camera
54C415,Hangzhou Hikvision Digital Technology Co. Ltd.,camera
5803FB,Hangzhou Hikvision Digital Technology Co. Ltd.,camera
5850ED,Hangzhou Hikvision Digital Technology Co. Ltd.,camera
5870C6,Shanghai Xiaoyi Technology Co.  Ltd.,camera
588FCF,Hangzhou Ezviz Software Co. Ltd.,camera
5CF51A,Zhejiang Dahua Technology Co.  Ltd.,camera
60601F,SZ DJI TECHNOLOGY CO. LTD,drone
64DB8B,Hangzhou Hikvision Digital Technology Co. Ltd.,camera
64F2FB,Hangzhou Ezviz Software Co. Ltd.,camera
686DBC,Hangzhou Hikvision Digital Technology Co. Ltd.,camera
6C1C71,Zhejiang Dahua Technology Co.  Ltd.,camera
6CDFFBE,Beijing Fimi Technology,drone
6CF17E,Zhejiang Uniview Technologies Co. Ltd.,camera
74C929,Zhejiang Dahua Technology Co.  Ltd.,camera
78A6A0,Hangzhou Ezviz Software Co. Ltd.,camera
78C1AE,Hangzhou Ezviz Software Co. Ltd.,camera
7C70BC5,Canary Connect,camera
7C78B2,Wyze Labs Inc,camera
80BEAF,Hangzhou Hikvision Digital Technology Co. Ltd.,camera
849A40,Hangzhou Hikvision Digital Technology Co. Ltd.,camera
8CE748,Hangzhou Hikvision Digital Technology Co. Ltd.,camera
8CE9B4,Zhejiang Dahua Technology Co.  Ltd.,camera
9002A9,Zhejiang Dahua Technology Co.  Ltd.,camera
9003B7,PARROT SA,drone
903AE6,PARROT SA,drone
94E1AC,Hangzhou Hikvision Digital Technology Co. Ltd.,camera
988B0A,Hangzhou Hikvision Digital Technology Co. Ltd.,camera
989DE5,Hangzhou Hikvision Digital Technology Co. Ltd.,camera
98AAFC7,Shenzhen Hubsan Technology，LTD.,drone
98DF82,Hangzhou Hikvision Digital Technology Co. Ltd.,camera
98F112,Hangzhou Hikvision Digital Technology Co. Ltd.,camera
9C1463,Zhejiang Dahua Technology Co.  Ltd.,camera
9C8ECD,Amcrest Technologies,camera
A0143D,PARROT SA,drone
A0BD1D,Zhejiang Dahua Technology Co.  Ltd.,camera
A0FF0C,Hangzhou Hikvision Digital Technology Co. Ltd.,camera
A41162,Arlo Technology,camera
A41437,Hangzhou Hikvision Digital Technology Co. Ltd.,camera
A4DA222,Wyze Labs,camera
ACB92F,Hangzhou Hikvision Digital Technology Co. Ltd.,camera
ACCB51,Hangzhou Hikvision Digital Technology Co. Ltd.,camera
ACCC8E,Axis Communications AB,camera
B44C3B,Zhejiang Dahua Technology Co.  Ltd.,camera
B4A382,Hangzhou Hikvision Digital Technology Co. Ltd.,camera
B8A44F,Axis Communications AB,camera
BC325F,Zhejiang Dahua Technology Co.  Ltd.,camera
BC51FE,Swann communications Pty Ltd,camera
BC5E33,Hangzhou Hikvision Digital Technology Co. Ltd.,camera
BC9B5E,Hangzhou Hikvision Digital Technology Co. Ltd.,camera
BCAD28,Hangzhou Hikvision Digital Technology Co. Ltd.,camera
BCBAC2,Hangzhou Hikvision Digital Technology Co. Ltd.,camera
C0395A,Zhejiang Dahua Technology Co.  Ltd.,camera
C0517E,Hangzhou Hikvision Digital Technology Co. Ltd.,camera
C056E3,Hangzhou Hikvision Digital Technology Co. Ltd.,camera
C06DED,Hangzhou Hikvision Digital Technology Co. Ltd.,camera
C42F90,Hangzhou Hikvision Digital Technology Co. Ltd.,camera
C47905,Zhejiang Uniview Technologies Co. Ltd.,camera
C4AAC4,Zhejiang Dahua Technology Co.  Ltd.,camera
D03F27,Wyze Labs Inc,camera
D4430E,Zhejiang Dahua Technology Co.  Ltd.,camera
D4E853,Hangzhou Hikvision Digital Technology Co. Ltd.,camera
D842E2,Canary Connect  Inc.,camera
E0508B,Zhejiang Dahua Technology Co.  Ltd.,camera
E0B6F58,Yuneec International（China）Co.，Ltd,drone
E0BAAD,Hangzhou Hikvision Digital Technology Co. Ltd.,camera
E0CA3C,Hangzhou Hikvision Digital Technology Co. Ltd.,camera
E4246C,Zhejiang Dahua Technology Co.  Ltd.,camera
E43022,Hanwha Techwin Security Vietnam,camera
E8A0ED,Hangzhou Hikvision Digital Technology Co. Ltd.,camera
EC71DB,Reolink Innovation Limited,camera
EC97E0,Hangzhou Ezviz Software Co. Ltd.,camera
ECC89C,Hangzhou Hikvision Digital Technology Co. Ltd.,camera
F4B1C2,Zhejiang Dahua Technology Co.  Ltd.,camera
F84DFC,Hangzhou Hikvision Digital Technology Co. Ltd.,camera
F85128,SimpliSafe,camera
FC5F49,Zhejiang Dahua Technology Co.  Ltd.,camera
FC9C98,Arlo Technology,camera
FC9FFD,Hangzhou Hikvision Digital Technology Co. Ltd.,camera
FCB69D,Zhejiang Dahua Technology Co.  Ltd.,camera
