# Stalkerware package names. Source: Coalition Against Stalkerware / Echap stalkerware-indicators (github.com/AssoEchap/stalkerware-indicators), CC BY 4.0. Indicator list version e25fba7 (2026-10-03). No guarantee of accuracy.
Aktualizacja.apps,Spyone,stalkerware
YWZiZDFjZTg2NTZlOGI4NDkyYWJjZDJjZDE5ZTM0Mjk.MzkwMmNhZGFiZGZhMjMyZjQzNTJkYmQ1ODg1ZjI1NzA,Observer,stalkerware
a.tck.lvmchi,MobileTrackerFree,stalkerware
afs.hbmoczc,AndroidPolice,stalkerware
ahmyth.mine.king.ahmyth,Ahmyth,stalkerware
and.GuardTrial,MobiStealth,stalkerware
and.LocatorTrial,MobiStealth,stalkerware
android.helper.system,mSpy,stalkerware
android.sys.process,mSpy,stalkerware
apk.keylogger,AndroidSpy,stalkerware
apk.kgl,AndroidSpy,stalkerware
apk.kwoapsnde,AndroidSpy,stalkerware
apk.screenshotrecorder,AndroidSpy,stalkerware
app.EasyLogger,EasyLogger,stalkerware
app.Easylogger,EasyLogger,stalkerware
app.Elogger,EasyLogger,stalkerware
app.childsafetytracker,EasyLogger,stalkerware
app.cybrook.trackvieo,TrackView,stalkerware
app.cybrook.trackviep,TrackView,stalkerware
app.cybrook.trackvieq,TrackView,stalkerware
app.cybrook.trackvier,TrackView,stalkerware
app.cybrook.trackvies,TrackView,stalkerware
app.cybrook.trackviet,TrackView,stalkerware
app.cybrook.trackvieu,TrackView,stalkerware
app.cybrook.trackviev,TrackView,stalkerware
app.cybrook.trackview,TrackView,stalkerware
app.cybrook.trackviex,TrackView,stalkerware
app.cybrook.trackviey,TrackView,stalkerware
app.cybrook.trackviez,TrackView,stalkerware
app.cybrook.trustserv,TrackView,stalkerware
app.everspy.ru,Everspy,stalkerware
app.lifecircle,TrackView,stalkerware
app.seniorsafety,EasyLogger,stalkerware
app.spy24.spy24installer,Spy24,stalkerware
app.spy24.systemwifi,Spy24,stalkerware
app.trackview,TrackView,stalkerware
app.trackview.pro,TrackView,stalkerware
br.com.appfornecedor.legal,MeuSpy,stalkerware
br.com.cloud.aplicativo,MeuSpy,stalkerware
br.com.cloud.backup,MeuSpy,stalkerware
br.com.daggers.gameap,MeuSpy,stalkerware
br.com.daggers.toshtec,MeuSpy,stalkerware
br.com.eaglespy,eagleSPY,stalkerware
br.com.galaxys.gameap,MeuSpy,stalkerware
br.com.gamelevel.cloudv3,MeuSpy,stalkerware
br.com.gamelevel.playstart,MeuSpy,stalkerware
br.com.maceda.android.antifurtow,AntiFurtoDroid,stalkerware
br.com.monsthers.gameap,MeuSpy,stalkerware
br.com.phonecell.cloud1,MeuSpy,stalkerware
br.com.phonecell.go5ge,MeuSpy,stalkerware
br.com.phonecell.maps,MeuSpy,stalkerware
br.com.phonecell.radio,MeuSpy,stalkerware
br.com.phonecell.services,MeuSpy,stalkerware
br.com.rastreadordenamorado,RastreadorDeNamorado,stalkerware
br.com.sistema.aplicativo,MeuSpy,stalkerware
bv.vemzye,AndroidPolice,stalkerware
city.russ.alltrackercorp,AllTracker,stalkerware
city.russ.alltrackerfamily,AllTracker,stalkerware
city.russ.alltrackerinstaller,AllTracker,stalkerware
cmf0.c3b5bm90zq.patch,Hoverwatch,stalkerware
cn.trackview.shentan,TrackView,stalkerware
com.AwamiSolution.smartkeylogger,SmartKeylogger,stalkerware
com.afreesmstracker.app,AppSpy,stalkerware
com.agpstracker.app,AppSpy,stalkerware
com.aif.tracksp,AiSpyer,stalkerware
com.aisistem.instalao,MeuSpy,stalkerware
com.aixlunro.uqfhkagb,KidsShield,stalkerware
com.aiyi.admin,Cocospy,stalkerware
com.ajygpxjy.bnthtjou,SpyKontrol,stalkerware
com.alienmanfc6.wheresmyandroid,WheresMyDroid,stalkerware
com.amon,AndroidPolice,stalkerware
com.androdid.inteernet.aa21111227,MobileTrackerFree,stalkerware
com.android.core.mngi,Snoopza,stalkerware
com.android.core.mngj,Snoopza,stalkerware
com.android.core.mngk,Snoopza,stalkerware
com.android.core.mngl,Snoopza,stalkerware
com.android.core.mngn,Snoopza,stalkerware
com.android.core.mngo,Snoopza,stalkerware
com.android.core.mngp,Snoopza,stalkerware
com.android.core.mngq,Snoopza,stalkerware
com.android.core.mngr,Snoopza,stalkerware
com.android.core.mngs,Snoopza,stalkerware
com.android.core.mngt,Snoopza,stalkerware
com.android.core.mngu,Snoopza,stalkerware
com.android.core.mngv,Snoopza,stalkerware
com.android.core.mngw,Snoopza,stalkerware
com.android.core.mngx,Snoopza,stalkerware
com.android.core.mngy,Snoopza,stalkerware
com.android.core.mngz,Snoopza,stalkerware
com.android.core.mnt,Hoverwatch,stalkerware
com.android.core.mnta,Hoverwatch,stalkerware
com.android.core.mntah,Hoverwatch,stalkerware
com.android.core.mntb,Hoverwatch,stalkerware
com.android.core.mntd,Hoverwatch,stalkerware
com.android.core.mnte,Hoverwatch,stalkerware
com.android.core.mntf,Hoverwatch,stalkerware
com.android.core.mntg,Hoverwatch,stalkerware
com.android.core.mnth,Hoverwatch,stalkerware
com.android.core.mnti,Hoverwatch,stalkerware
com.android.core.mntj,Hoverwatch,stalkerware
com.android.core.mntk,Hoverwatch,stalkerware
com.android.core.mntl,Hoverwatch,stalkerware
com.android.core.mntm,Hoverwatch,stalkerware
com.android.core.mntn,Hoverwatch,stalkerware
com.android.core.mnto,Hoverwatch,stalkerware
com.android.core.mntp,Hoverwatch,stalkerware
com.android.core.mntq,Hoverwatch,stalkerware
com.android.core.mntr,Hoverwatch,stalkerware
com.android.core.mnts,Hoverwatch,stalkerware
com.android.core.mntt,Hoverwatch,stalkerware
com.android.core.mntu,Hoverwatch,stalkerware
com.android.core.mntv,Hoverwatch,stalkerware
com.android.core.mntw,Hoverwatch,stalkerware
com.android.core.mntx,Hoverwatch,stalkerware
com.android.core.mnty,Hoverwatch,stalkerware
com.android.core.mntz,Hoverwatch,stalkerware
com.android.core.monitor,Hoverwatch,stalkerware
com.android.core.monitor.debug,Hoverwatch,stalkerware
com.android.core.monitor.null,Hoverwatch,stalkerware
com.android.core.monitornull,Hoverwatch,stalkerware
com.android.fystem.maps,Tracku,stalkerware
com.android.innovaspy,HelloSpy,stalkerware
com.android.inputmethod.latinmy,KidsShield,stalkerware
com.android.internet.a20200817,iKeyMonitor,stalkerware
com.android.internet.a20210916,iKeyMonitor,stalkerware
com.android.internet.a20220729,iKeyMonitor,stalkerware
com.android.internet.a20220829,iKeyMonitor,stalkerware
com.android.internet.a20220914,iKeyMonitor,stalkerware
com.android.keyboardhelper,mSpy,stalkerware
com.android.omg,TheOneSpy,stalkerware
com.android.phone.dialer,FlexiSpy,stalkerware
com.android.preference.help.mole,BosSpy,stalkerware
com.android.services,TheOneSpy,stalkerware
com.android.settings.app,OneSpy,stalkerware
com.android.system.app,OneSpy,stalkerware
com.android.system.devicelogs,AppMia,stalkerware
com.android.system.maps,Tracku,stalkerware
com.android.wifi.tracker,Trackji,stalkerware
com.androidlost,AndroidLost,stalkerware
com.androidlost.smshandler,AndroidLost,stalkerware
com.ant.spymie.keylogger,Spymie,stalkerware
com.aphonetracker.app,AppSpy,stalkerware
com.app.audiorec,TrackMyPhones,stalkerware
com.app.call_rec_hidden,TrackMyPhones,stalkerware
com.app.com.app.com.app.aplintal,MeuSpy,stalkerware
com.app.insapp2,MeuSpy,stalkerware
com.app.keylogger,TrackMyPhones,stalkerware
com.app.recorder,TrackMyPhones,stalkerware
com.app.remote_control,TrackingSmartphone,stalkerware
com.app.spy_call_recorder,TrackMyPhones,stalkerware
com.app.videorec,TrackMyPhones,stalkerware
com.apps.anti_theft,TrackMyPhones,stalkerware
com.apps.rct.CellTrackerActivity,TrackMyPhones,stalkerware
com.apspy.app,TheTruthSpy,stalkerware
com.as.clipboardmanager,AndroidSpy,stalkerware
com.as.facecapture,AndroidSpy,stalkerware
com.as.gpstracker,AndroidSpy,stalkerware
com.as.keylogger,AndroidSpy,stalkerware
com.as.keylogger2,AndroidSpy,stalkerware
com.as.klogger,AndroidSpy,stalkerware
com.as.screenrecorder,AndroidSpy,stalkerware
com.as.urllogger,AndroidSpy,stalkerware
com.ass.antitheft,AbsoluTrack,stalkerware
com.ass.ladieschildprotection,AbsoluTrack,stalkerware
com.ass.remotesecurity,AbsoluTrack,stalkerware
com.at.wwka,WebWatcher,stalkerware
com.ati.client,WebWatcher,stalkerware
com.ati.monitor,WebWatcher,stalkerware
com.ati.webwatcherconsole,WebWatcher,stalkerware
com.atinc.slcompanion,WebWatcher,stalkerware
com.atiw.wc,WebWatcher,stalkerware
com.atracker.app,AppSpy,stalkerware
com.autoforward.monitor,HighsterMobile,stalkerware
com.avi.scbase,pcTattletale,stalkerware
com.awarenesstech.monitor,WebWatcher,stalkerware
com.awarenesstech.wwpapp,WebWatcher,stalkerware
com.awarenesstechnologies.sideloadedws,WebWatcher,stalkerware
com.awti.slc,WebWatcher,stalkerware
com.backup.tt,jjspy,stalkerware
com.bettertomorrowapps.spyyourlovefree,CouplerTracker,stalkerware
com.bnahrrbc.kwexsnhl,KidsShield,stalkerware
com.brot.storage.work,Reptilicus,stalkerware
com.bul.b,Bulgok,stalkerware
com.bulgakov.bug,Bulgok,stalkerware
com.bulgakov.controlphone,Bulgok,stalkerware
com.bytepioneers.coupletracker,CouplerTracker,stalkerware
com.bzbqbkya.hgozttiu,KidsShield,stalkerware
com.callhist.calltr,Trackplus,stalkerware
com.catrsy.jaluc,Trackplus,stalkerware
com.cellph.montrb,Trackplus,stalkerware
com.chaoqi.spyapp,Spylix,stalkerware
com.cldprotect,SpyHuman,stalkerware
com.client.requestlogs,ShadowSpy,stalkerware
com.cocospy,Cocospy,stalkerware
com.connection.manager,Mrecorder,stalkerware
com.cryzp.leplluln,MyCellSpy,stalkerware
com.cycle.start.mess,Reptilicus,stalkerware
com.dbzbpr.skt,Trackplus,stalkerware
com.ddiutilities.monitor,HighsterMobile,stalkerware
com.dev4playapps.whatsdeleted,TrackMyPhones,stalkerware
com.devspark.securityotp,SpySMS,stalkerware
com.droidwatcher,DroidWatcher,stalkerware
com.dromon,AndroidPolice,stalkerware
com.duiyun.cocospy,Cocospy,stalkerware
com.duiyun.cocospy.v2,Cocospy,stalkerware
com.duiyun.fonemonitor,Cocospy,stalkerware
com.duiyun.spyic,Cocospy,stalkerware
com.duiyun.spyine,Cocospy,stalkerware
com.duiyun.spyzie,Cocospy,stalkerware
com.dy.spyzie.v4,Cocospy,stalkerware
com.elpatr.woac,Trackplus,stalkerware
com.epasufob.kybavfgt,Spyone,stalkerware
com.epbzrqcg.syzzkuqx,Spyone,stalkerware
com.ernell.thht,Trackplus,stalkerware
com.example.ghazi.sms,SpyAppGhazi,stalkerware
com.example.hellospy,HelloSpy,stalkerware
com.example.lovespy.app,LoveSpy,stalkerware
com.example.openanotherapp,Spy24,stalkerware
com.example.reverseshell2,AndroRat,stalkerware
com.example.wosc.androidclient,CatWatchful,stalkerware
com.eyezy.android,mSpy,stalkerware
com.eytewqrm.wvdkgmrl,Spyone,stalkerware
com.fbhpdsej.gnuebduy,KidsShield,stalkerware
com.femimesusu.libapasopi,SpyApp,stalkerware
com.fenced.ai,Fenced,stalkerware
com.fhekpqbq.otlzonjx,KidsShield,stalkerware
com.fone,TheTruthSpy,stalkerware
com.fp.backup,FlexiSpy,stalkerware
com.fzvsdrtb.qamlhxri,BrunoEspiao,stalkerware
com.gcm_call_sms_tracker,TrackMyPhones,stalkerware
com.gcm_call_sms_tracker.updated,CallSMSTracker,stalkerware
com.gcm_call_sms_tracker.updated,TrackMyPhones,stalkerware
com.gcm_call_tracker,TrackMyPhones,stalkerware
com.gcm_celltracker,TrackMyPhones,stalkerware
com.get.mtf,MobileTrackerFree,stalkerware
com.gh.ob,Trackplus,stalkerware
com.github.muneebwanee.dash,Dash,stalkerware
com.gizmoquip.smstracker,CallSMSTracker,stalkerware
com.google.android.bacfup,Tracku,stalkerware
com.google.android.network,Buhsam,stalkerware
com.google.android.safe,Tracku,stalkerware
com.googleplay.settings,NetSpy,stalkerware
com.googlesettings.setting,HelloSpy,stalkerware
com.greatdata,Trackplus,stalkerware
com.gss.whereismyphone,AbsoluTrack,stalkerware
com.guest,TheTruthSpy,stalkerware
com.gzomoyig.qwgawtaz,KidsShield,stalkerware
com.hellospy,HelloSpy,stalkerware
com.hellospy.system,HelloSpy,stalkerware
com.hp.vc,FreeAndroidSpy,stalkerware
com.hp.vd,FreeAndroidSpy,stalkerware
com.hyadesinc.curiosus,Curiosus,stalkerware
com.ibm.fb,AndroidMonitor,stalkerware
com.igyluazm.iytdhsky,SpyKontrol,stalkerware
com.imonitor.ainfo,iMonitorSpy,stalkerware
com.ispyoo,TheTruthSpy,stalkerware
com.ispyoo.traceyou,TheTruthSpy,stalkerware
com.itqredn8dzrl,SpyLive360,stalkerware
com.jgeuhcex.ejcxndak,Spyone,stalkerware
com.juzyuwqt.thxxnjvf,Spyone,stalkerware
com.jyotin.ct,MobileTrackerFree,stalkerware
com.kfhdha.fkjfgjdi,EspiaoAndroid,stalkerware
com.kids.pro,ClevGuard,stalkerware
com.kids.whatsapp,ClevGuard,stalkerware
com.kidsmobmon,Trackplus,stalkerware
com.laucass.androsmscontrol,Spyone,stalkerware
com.laucass.phonecontrolenabler,Spyone,stalkerware
com.laucass.phonecontroltarget,Spyone,stalkerware
com.local_cell_tracker,TrackMyPhones,stalkerware
com.local_cell_tracker_updated,TrackMyPhones,stalkerware
com.lrvciyti.unrxnfig,MobileTrackerFree,stalkerware
com.lsdroid.cerberus,Cerberus,stalkerware
com.lsdroid.cerberus.client,Cerberus,stalkerware
com.lsdroid.cerberus.enterprise,Cerberus,stalkerware
com.lsdroid.cerberus.kids,Cerberus,stalkerware
com.lsdroid.cerberus.persona,Cerberus,stalkerware
com.lsdroid.cerberus.persona2,Cerberus,stalkerware
com.lsdroid.cerberuss,Cerberus,stalkerware
com.lsdroid.lsp,Cerberus,stalkerware
com.m.service.control,MobileTrackerFree,stalkerware
com.mango.findmyphone,FindMyPhone,stalkerware
com.mango.findmyphone2,FindMyPhone,stalkerware
com.mango.findmyphone3,FindMyPhone,stalkerware
com.map.system,XNSpy,stalkerware
com.maxxspy,HelloSpy,stalkerware
com.maxxspy.system,HelloSpy,stalkerware
com.metasploit.stage,Metasploit,stalkerware
com.meuspy,MeuSpy,stalkerware
com.minspy.v2,Cocospy,stalkerware
com.minspy.v3,Cocospy,stalkerware
com.mit.networkadapter,VIPTrack,stalkerware
com.mit.viptrackpro,VIPTrack,stalkerware
com.mnwkvijy.wzyxgrft,KidsShield,stalkerware
com.mob.service.control,MobileTrackerFree,stalkerware
com.mobiispy,HelloSpy,stalkerware
com.mobiispy.system,HelloSpy,stalkerware
com.mobile.asgard,GPSTrackerLoki,stalkerware
com.mobile.gps,MobileTrackerFree,stalkerware
com.mobile.loc,MobileTrackerFree,stalkerware
com.mobile.loki,GPSTrackerLoki,stalkerware
com.mobilefindfree,AppSpy,stalkerware
com.mobileservice.sync,Mrecorder,stalkerware
com.mobileservices2.synchronization,Mrecorder,stalkerware
com.mobilespy.io,Fenced,stalkerware
com.mobiletracker,MobileTrackerFree,stalkerware
com.mobiletrackerfree.secondapp,MobileTrackerFree,stalkerware
com.mobiletrackerfree.www,MobileTrackerFree,stalkerware
com.mobitra.todv,Trackplus,stalkerware
com.mobphn.monit,Trackplus,stalkerware
com.mobtr.danbel,Trackplus,stalkerware
com.monitor.phone.s0ft.phonemonitor,PhoneMonitor,stalkerware
com.monitorchecker,AndroidPolice,stalkerware
com.monspap.alarm,EasyPhoneTrack,stalkerware
com.mophtr.td,Trackplus,stalkerware
com.moxlndmp.uhzhgzjh,BrunoEspiao,stalkerware
com.mrblue.setting,HelloSpy,stalkerware
com.mrbluetooth.setting,HelloSpy,stalkerware
com.mrecorder.callrecorder,Mrecorder,stalkerware
com.mrtred.setred,HelloSpy,stalkerware
com.mspy.lite,mSpy,stalkerware
com.mtf.d,MobileTrackerFree,stalkerware
com.mtf.download,MobileTrackerFree,stalkerware
com.mxspy,TheTruthSpy,stalkerware
com.my.spy.app,MySpyApps,stalkerware
com.myappspqwddeexo,SpyHuman,stalkerware
com.netowrk.service,MobileTrackerFree,stalkerware
com.nhevvtmt.thinkquo,BrunoEspiao,stalkerware
com.nsmon.guard,NeoSpy,stalkerware
com.ntckdlhc.oifhnjwp,KidsShield,stalkerware
com.ots.antitheft,AbsoluTrack,stalkerware
com.ots.ladieschildprotection,AbsoluTrack,stalkerware
com.ots.remotesecurity,AbsoluTrack,stalkerware
com.ots.womenchildsafety,AbsoluTrack,stalkerware
com.ownspy.android,OwnSpy,stalkerware
com.panspy.android,PanSpy,stalkerware
com.phone.tracker.smsb,Trackplus,stalkerware
com.phonespector.app,HighsterMobile,stalkerware
com.phonetrackerofficial,SpyphoneMobileTracker,stalkerware
com.phonetrackerofficial1,SpyphoneMobileTracker,stalkerware
com.phtranlo.tifach,Trackplus,stalkerware
com.play.services,uMobix,stalkerware
com.popo.analyse,PhoneSpy,stalkerware
com.prophoto.editor,HelloSpy,stalkerware
com.protect,KidsShield,stalkerware
com.protect.download,MobileTrackerFree,stalkerware
com.psac.a.processservice,MobiSpy,stalkerware
com.pser.sysutils,MyCellSpy,stalkerware
com.pt.bark,bark,stalkerware
com.pvojpamt.tzzyqjyb,PhoneMonitor,stalkerware
com.qwertyuiop.asdfghjkl,OneSpy,stalkerware
com.qzogle.android.jacfut,Tracku,stalkerware
com.qzogle.xndroid.jacfup,Tracku,stalkerware
com.qzogle.xndroid.jacfut,Tracku,stalkerware
com.rana_aditya.child,Spyzier,stalkerware
com.realtime.spyapp,RealtimeSpy,stalkerware
com.remote.app,XploitSPY,stalkerware
com.rephko.stha,Trackplus,stalkerware
com.retina.phonesheriff,PhoneSheriff,stalkerware
com.retina21.ms41,PhoneSheriff,stalkerware
com.retina22.ms6,PhoneSheriff,stalkerware
com.retinasoft.ephonetracker,PhoneSheriff,stalkerware
com.rspl15.nanny.android,PhoneSheriff,stalkerware
com.rspl16.nanny.android,PhoneSheriff,stalkerware
com.rspl17.nanny.android,PhoneSheriff,stalkerware
com.rspl18.nanny.android,PhoneSheriff,stalkerware
com.rspl19.nanny.android,PhoneSheriff,stalkerware
com.rspl20.nanny.android,PhoneSheriff,stalkerware
com.rspl21.nanny.android,PhoneSheriff,stalkerware
com.rspl22.retinaspy,PhoneSheriff,stalkerware
com.runaki.synclogs,ShadowSpy,stalkerware
com.s2m,Trackplus,stalkerware
com.s2m.seas,Trackplus,stalkerware
com.sa.app,SpyAdvice,stalkerware
com.safesecureservice,SpyHuman,stalkerware
com.saloomughal.spyapp,BlurSpy,stalkerware
com.sap4mobile,Trackplus,stalkerware
com.saxfamqvxj,SpyHuman,stalkerware
com.sc.cocospy.v2,Cocospy,stalkerware
com.sc.fonemonitor,Cocospy,stalkerware
com.sc.fonemonitor.v2,Cocospy,stalkerware
com.sc.minspy.v2,Cocospy,stalkerware
com.sc.neatspy.v2,Cocospy,stalkerware
com.sc.safespy.v2,Cocospy,stalkerware
com.sc.safespy.v3,Cocospy,stalkerware
com.sc.spyic.v2,Cocospy,stalkerware
com.sc.spyic.v3,Cocospy,stalkerware
com.sc.spyier.v2,Cocospy,stalkerware
com.sc.spyier.v2,Spyier,stalkerware
com.sc.spyine.v2,Cocospy,stalkerware
com.sc.spyzie.v2,Cocospy,stalkerware
com.sc.teensafe.v2,Cocospy,stalkerware
com.screentime,WebWatcher,stalkerware
com.sec.android.internet.im.service.im20190118,iKeyMonitor,stalkerware
com.sec.android.internet.im.service.im20190419,iKeyMonitor,stalkerware
com.sec.android.internet.im.service.im20210815,iKeyMonitor,stalkerware
com.sec.provider.mobile.android,MonitorUltra,stalkerware
com.selgdg.febgdsra,KidsShield,stalkerware
com.selgdg.mardsdaf,KidsShield,stalkerware
com.semantic.childcontrol,SpyMasterPro,stalkerware
com.sepfsp.jasend,KidsShield,stalkerware
com.service.mug,SpyMug,stalkerware
com.services.phone,MobileTrackerFree,stalkerware
com.sev.android.systemdev,MyCellSpy,stalkerware
com.shadow.client.android,ShadowSpy,stalkerware
com.shadyspy.monitor,ShadySpy,stalkerware
com.sl360,SpyLive360,stalkerware
com.smart,Trackplus,stalkerware
com.smart.guardoffline,AbsoluTrack,stalkerware
com.smartback,Trackplus,stalkerware
com.smstra.xanris,Trackplus,stalkerware
com.snapch.monabcab,EasyPhoneTrack,stalkerware
com.snapchat.trmonap,EasyPhoneTrack,stalkerware
com.softalogy.thiefguard,AbsoluTrack,stalkerware
com.soh,TrackMyPhones,stalkerware
com.spappm_mondow.alarm,EasyPhoneTrack,stalkerware
com.spappm_mondow.alarm,SpyPhoneApp,stalkerware
com.spapptrakapp.alarm,SpyPhoneApp,stalkerware
com.spatrakappp.alarm,SpyPhoneApp,stalkerware
com.spy2mobile,Trackplus,stalkerware
com.spy2mobile.light,Trackplus,stalkerware
com.spyapp247.system,SpyApp247,stalkerware
com.spyhumanrev,SpyHuman,stalkerware
com.spyic,Cocospy,stalkerware
com.spynote.software.stubspynote,SpyNote,stalkerware
com.spytoapp.system,SpyToApp,stalkerware
com.spyzee,TheTruthSpy,stalkerware
com.ssurebrec,Cerberus,stalkerware
com.stmrsa.htxt,Trackplus,stalkerware
com.surebrec,Cerberus,stalkerware
com.system.settings,Observer,stalkerware
com.system.task,XNSpy,stalkerware
com.system.user,uMobix,stalkerware
com.systemservice,TheTruthSpy,stalkerware
com.tag.viptrack,VIPTrack,stalkerware
com.tbntxear.vfmkjxme,KidsShield,stalkerware
com.tccplos.spth,Trackplus,stalkerware
com.telephony.android,FlexiSpy,stalkerware
com.tevi.walpi,Trackplus,stalkerware
com.thaxygpc.xjsjobpn,BrunoEspiao,stalkerware
com.thecybernanny.andapp,Reptilicus,stalkerware
com.thetruth,TheTruthSpy,stalkerware
com.thewispy,TheWiSpy,stalkerware
com.tools.secretcamcorder,SecretCamRecorder,stalkerware
com.topspy,HelloSpy,stalkerware
com.topspy.system,HelloSpy,stalkerware
com.tracker.sms.mobile,Trackplus,stalkerware
com.trackerapps.whatsaptracker,TrackMyPhones,stalkerware
com.tracking_smartphone,TrackingSmartphone,stalkerware
com.trackmyphone_pro,TrackMyPhones,stalkerware
com.trackmyphones.livefamilytracker,TrackMyPhones,stalkerware
com.trackmyphones.recoverphoneusingchatmessages,TrackMyPhones,stalkerware
com.trackmyphones.tmpusingchatmessages,TrackMyPhones,stalkerware
com.trackview,TrackView,stalkerware
com.trackzone.kids,Trackplus,stalkerware
com.trandmon.tool,Trackplus,stalkerware
com.trphwhat.prob,Trackplus,stalkerware
com.ts_settings,TrackingSmartphone,stalkerware
com.ttsapp.catchcheating,TheTruthSpy,stalkerware
com.tuner.funnelwebview,uMobix,stalkerware
com.tutorial.instalao,MeuSpy,stalkerware
com.udxlbuno.plwnnhop,SpyKontrol,stalkerware
com.uxgbipup.pdtvcgzc,KidsShield,stalkerware
com.uzoifhzk.qmqnpwaf,KidsShield,stalkerware
com.viewcalls.rem,Trackplus,stalkerware
com.viewsms.remb,Trackplus,stalkerware
com.virsys.tracker,HelloSpy,stalkerware
com.vvt.android.syncmanager,FlexiSpy,stalkerware
com.w0f0,SpyLive360,stalkerware
com.w1f1,SpyLive360,stalkerware
com.wSpyEra,SpyEra,stalkerware
com.wb.production,Cocospy,stalkerware
com.whtrack.monit,Trackplus,stalkerware
com.wifi0,SpyLive360,stalkerware
com.wifiset.service,HelloSpy,stalkerware
com.wifisettings.service,HelloSpy,stalkerware
com.wisemo.host.v10,WiseMo,stalkerware
com.wisemo.wsmguest.v18,WiseMo,stalkerware
com.wlset.info,PhoneSpy,stalkerware
com.ws.sc,Cocospy,stalkerware
com.ws.scli,Cocospy,stalkerware
com.wtspy.apps,WtSpy,stalkerware
com.ww.companion,WebWatcher,stalkerware
com.wwtspy,WtSpy,stalkerware
com.wzogle.zndroid.yacfup,Tracku,stalkerware
com.xhunter.client,xHunter,stalkerware
com.xno.systemservice,Xnore,stalkerware
com.xnspy.dashboard,XNSpy,stalkerware
com.yurpdpvxnybmlgh,SpyHuman,stalkerware
com.zkftwsel.fqnoquuv,KidsShield,stalkerware
core.framework,mSpy,stalkerware
core.update.framework,mSpy,stalkerware
cybrook.trackview,TrackView,stalkerware
dell.scream.application,SpyNote,stalkerware
edu.virginia.cs.cs4720.ispy,ISpy,stalkerware
efexmsz.mzuooelftl,AndroidPolice,stalkerware
fka.ugsonrqogw,AndroidPolice,stalkerware
fod.loqpf,AndroidPolice,stalkerware
g.google.llc,MobileTrackerFree,stalkerware
googlesettings.setting,HelloSpy,stalkerware
ifk.ghumlh,AndroidPolice,stalkerware
iiw.orqjtwbkx,AndroidPolice,stalkerware
in.servidor.service,MeuSpy,stalkerware
in.spyapp.patanjali.android,PatanSpyApp,stalkerware
inc.imonitor,iMonitorSpy,stalkerware
io.github.vvb2060.packageinstaller.test,Msafely,stalkerware
iqual.calculadora.pro,SpyMasterPro,stalkerware
ir.spy24.updater,Spy24,stalkerware
ir.spy24.wifi,Spy24,stalkerware
kenkbltcf.pwpwkvdwmjk,AndroidPolice,stalkerware
lookOut.Secure,MobiStealth,stalkerware
m.mob.control,MobileTrackerFree,stalkerware
m.mob.service2020,MobileTrackerFree,stalkerware
m.mobile.control,SpyHuman,stalkerware
m.phone.control2020,MobileTrackerFree,stalkerware
m.protect.children,MobileTrackerFree,stalkerware
m.protect.parental,MobileTrackerFree,stalkerware
m.secu.children,MobileTrackerFree,stalkerware
m.security.parental,MobileTrackerFree,stalkerware
me.hawkshaw,AndroidSpyApp,stalkerware
med.mspy.mspy,mSpy,stalkerware
mg.locations.track5,OneLocator,stalkerware
mhu.bylbcwc,AndroidPolice,stalkerware
mob.protect.children,MobileTrackerFree,stalkerware
mob.service.parental2020,MobileTrackerFree,stalkerware
mobile.controlparental2020,MobileTrackerFree,stalkerware
mobile.monitor.child2021,MobileTrackerFree,stalkerware
mobile.monitor.child2022,MobileTrackerFree,stalkerware
mobile.monitor.child2023,MobileTrackerFree,stalkerware
mobile.monitor.child2034,MobileTrackerFree,stalkerware
mobile.parental2021,MobileTrackerFree,stalkerware
mobile.protect.children,MobileTrackerFree,stalkerware
mobile.protect.children2020,MobileTrackerFree,stalkerware
net.androidcoreapp.androidbackup,Reptilicus,stalkerware
net.cybrook.trackvieo,TrackView,stalkerware
net.cybrook.trackviep,TrackView,stalkerware
net.cybrook.trackvieq,TrackView,stalkerware
net.cybrook.trackvier,TrackView,stalkerware
net.cybrook.trackvies,TrackView,stalkerware
net.cybrook.trackviet,TrackView,stalkerware
net.cybrook.trackvieu,TrackView,stalkerware
net.cybrook.trackviev,TrackView,stalkerware
net.cybrook.trackview,TrackView,stalkerware
net.cybrook.trackviex,TrackView,stalkerware
net.cybrook.trackviey,TrackView,stalkerware
net.cybrook.trackviez,TrackView,stalkerware
net.cybrook.trustserv,TrackView,stalkerware
net.delphiboardlayer.androidcoreapp,Reptilicus,stalkerware
net.droid.talk218,Ahmyth,stalkerware
net.homesafe,TrackView,stalkerware
net.kidlogger.kidlogger,KidsShield,stalkerware
net.majorkernelpanic.spydroid,SpyDroid,stalkerware
net.reptilicus.clientapp,Reptilicus,stalkerware
net.someapp1.somecorp2,KidsShield,stalkerware
net.spy24.wifi,Spy24,stalkerware
net.system_updater_abs341,Reptilicus,stalkerware
net.teslineservice.kidl5,KidsShield,stalkerware
net.trackview,TrackView,stalkerware
net.trackview.pro,TrackView,stalkerware
net.vkurhandler,Reptilicus,stalkerware
ns.antapp.module,NeoSpy,stalkerware
one.enix.smsforward,SMSForward,stalkerware
oo.ptkqyawh,AndroidPolice,stalkerware
org.alltracker.security,AllTracker,stalkerware
org.connecting.updived.hygeist.interplays,MobileTool,stalkerware
org.findmykids.app,FindMyKids,stalkerware
org.findmykids.child,FindMyKids,stalkerware
org.poleward.burghs.hydrotherapy.homonymously,MobileTool,stalkerware
org.secure.smsgps,HighsterMobile,stalkerware
org.system.kernel,OwnSpy,stalkerware
org.traccar.client,Traccar,stalkerware
org.traccar.client.hidden,Traccar,stalkerware
org.urates.amirates.suffocate.chiliast,MobileTool,stalkerware
phone.Secure,MobiStealth,stalkerware
pl.lidwin.letmespy,LetMeSpy,stalkerware
pl.lidwin.letmespy2,LetMeSpy,stalkerware
pl.lidwin.letmespy3,LetMeSpy,stalkerware
pl.lidwin.letmespy4,LetMeSpy,stalkerware
pl.lidwin.letmespy5,LetMeSpy,stalkerware
pl.lidwin.lms,LetMeSpy,stalkerware
pl.lidwin.remote,LetMeSpy,stalkerware
pl.lidwin.remote1,LetMeSpy,stalkerware
pl.lidwin.remote2,LetMeSpy,stalkerware
pl.radeal.lms4,LetMeSpy,stalkerware
pl.spyone.agent2,Spyone,stalkerware
ru.usafe.kid.unisafekids,Unisafe,stalkerware
ru.usafe.u_safe,Unisafe,stalkerware
ru.usafe.usafe,Unisafe,stalkerware
se.vkur.clientapp,Reptilicus,stalkerware
seC.fqjx.sqBB,OneSpy,stalkerware
security.mobile.parental,MobileTrackerFree,stalkerware
service.download.app,MobileTrackerFree,stalkerware
stealthLight.sys,MobiStealth,stalkerware
su.unisafe.unisafe,Unisafe,stalkerware
sy.slvzccd,AndroidPolice,stalkerware
system.framework,mSpy,stalkerware
t.tools.app,TalkLog,stalkerware
tech.logsettings,TalkLog,stalkerware
technic.settings,TalkLog,stalkerware
tej.flashkeylogger,FlashKeylogger,stalkerware
tej.flashkeyloggerpro,FlashKeylogger,stalkerware
tej.flashkeylogges,FlashKeylogger,stalkerware
tracker.mob.gps,MobileTrackerFree,stalkerware
tv.familynk,TrackView,stalkerware
tv.familynl,TrackView,stalkerware
update.service.android,mSpy,stalkerware
update.service.android.installer,mSpy,stalkerware
update.service.android.pynger,Spynger,stalkerware
us.trackview,TrackView,stalkerware
vmf.uxytqgrl,AndroidPolice,stalkerware
vn.ehkfqgvn,AndroidPolice,stalkerware
wosc.cwf,CatWatchful,stalkerware
wosc.cwf2,CatWatchful,stalkerware
xd.spy.app,XDSpy,stalkerware
yc.sysupd.client,Reptilicus,stalkerware
yogaworkouts.dailyyoga.yogafitness,MobileTrackerFree,stalkerware
yr.tubjypbl,AndroidPolice,stalkerware
